{
  "video_id": "video_7",
  "extraction_method": "content_first_enhanced",
  "extraction_params": {
    "lookback_seconds": 10.0,
    "scoring_formula": "Quality \u00d7 (Sharpness \u00d7 Brightness \u00d7 \u221b(Board \u00d7 Edges \u00d7 Distribution)) \u00d7 (1 + Proximity \u00d7 0.15)"
  },
  "slides": [
    {
      "slide_number": 1,
      "filename": "video_7_slide_001.png",
      "capture_timestamp": 36.37,
      "transition_timestamp": 37.4,
      "audio_start_time": 0.0,
      "audio_end_time": 37.4,
      "transition_was_blank": true,
      "scoring": {
        "final_score": 0.348164579832046,
        "quality_score": 0.3028981361516108,
        "content_score": 0.3028981361516108,
        "board_visibility_score": 0.4383550347222222,
        "edge_score_normalized": 0.07703993055555555,
        "edge_count": 17750,
        "distribution_score": 0.8229016274692041,
        "sharpness_score": 1.0,
        "brightness_quality": 1.0,
        "proximity_bias": 0.9962962962962965,
        "proximity_multiplier": 1.1494444444444445,
        "window_start": 27.4,
        "window_end": 36.4,
        "frames_evaluated": 271
      }
    },
    {
      "slide_number": 2,
      "filename": "video_7_slide_002.png",
      "capture_timestamp": 77.33,
      "transition_timestamp": 78.8,
      "audio_start_time": 37.4,
      "audio_end_time": 78.8,
      "transition_was_blank": true,
      "scoring": {
        "final_score": 0.07927163029225438,
        "quality_score": 0.0694012327461371,
        "content_score": 0.2225849154201921,
        "board_visibility_score": 0.9682074652777778,
        "edge_score_normalized": 0.030646701388888888,
        "edge_count": 7061,
        "distribution_score": 0.37165075801790526,
        "sharpness_score": 1.0,
        "brightness_quality": 0.3117966579861111,
        "proximity_bias": 0.948148148148148,
        "proximity_multiplier": 1.1422222222222222,
        "window_start": 68.8,
        "window_end": 77.8,
        "frames_evaluated": 271
      }
    },
    {
      "slide_number": 3,
      "filename": "video_7_slide_003.png",
      "capture_timestamp": 157.13,
      "transition_timestamp": 158.4,
      "audio_start_time": 78.8,
      "audio_end_time": 158.4,
      "transition_was_blank": true,
      "scoring": {
        "final_score": 0.2499975624423686,
        "quality_score": 0.2182325957304867,
        "content_score": 0.34070452194668194,
        "board_visibility_score": 0.6673046875,
        "edge_score_normalized": 0.08370659722222222,
        "edge_count": 19286,
        "distribution_score": 0.7080270170059784,
        "sharpness_score": 1.0,
        "brightness_quality": 0.6405333116319445,
        "proximity_bias": 0.9703703703703689,
        "proximity_multiplier": 1.1455555555555552,
        "window_start": 148.4,
        "window_end": 157.4,
        "frames_evaluated": 271
      }
    },
    {
      "slide_number": 4,
      "filename": "video_7_slide_004.png",
      "capture_timestamp": 190.63,
      "transition_timestamp": 192.2,
      "audio_start_time": 158.4,
      "audio_end_time": 192.2,
      "transition_was_blank": true,
      "scoring": {
        "final_score": 0.3729181918455505,
        "quality_score": 0.32696188276765265,
        "content_score": 0.35598360449342087,
        "board_visibility_score": 0.9374869791666667,
        "edge_score_normalized": 0.0728125,
        "edge_count": 16776,
        "distribution_score": 0.6608742055086356,
        "sharpness_score": 1.0,
        "brightness_quality": 0.9184745551215278,
        "proximity_bias": 0.9370370370370374,
        "proximity_multiplier": 1.1405555555555555,
        "window_start": 182.2,
        "window_end": 191.2,
        "frames_evaluated": 271
      }
    },
    {
      "slide_number": 5,
      "filename": "video_7_slide_005.png",
      "capture_timestamp": 212.57,
      "transition_timestamp": 213.6,
      "audio_start_time": 192.2,
      "audio_end_time": 213.6,
      "transition_was_blank": true,
      "scoring": {
        "final_score": 0.37638595198374014,
        "quality_score": 0.32745032072050856,
        "content_score": 0.3541780215452967,
        "board_visibility_score": 0.9341059027777778,
        "edge_score_normalized": 0.07442708333333334,
        "edge_count": 17148,
        "distribution_score": 0.6390542188969254,
        "sharpness_score": 1.0,
        "brightness_quality": 0.9245359700520833,
        "proximity_bias": 0.9962962962962965,
        "proximity_multiplier": 1.1494444444444445,
        "window_start": 203.6,
        "window_end": 212.6,
        "frames_evaluated": 271
      }
    },
    {
      "slide_number": 6,
      "filename": "video_7_slide_006.png",
      "capture_timestamp": 283.2,
      "transition_timestamp": 284.2,
      "audio_start_time": 213.6,
      "audio_end_time": 284.2,
      "transition_was_blank": true,
      "scoring": {
        "final_score": 0.44027122011300995,
        "quality_score": 0.3828445392287043,
        "content_score": 0.3828445392287043,
        "board_visibility_score": 0.8655685763888888,
        "edge_score_normalized": 0.08535590277777778,
        "edge_count": 19666,
        "distribution_score": 0.759507958579166,
        "sharpness_score": 1.0,
        "brightness_quality": 1.0,
        "proximity_bias": 1.0,
        "proximity_multiplier": 1.15,
        "window_start": 274.2,
        "window_end": 283.2,
        "frames_evaluated": 271
      }
    },
    {
      "slide_number": 7,
      "filename": "video_7_slide_007.png",
      "capture_timestamp": 472.6,
      "transition_timestamp": 473.6,
      "audio_start_time": 284.2,
      "audio_end_time": 473.6,
      "transition_was_blank": true,
      "scoring": {
        "final_score": 0.21407391593262204,
        "quality_score": 0.1861512312457583,
        "content_score": 0.4197145389666435,
        "board_visibility_score": 0.9072612847222222,
        "edge_score_normalized": 0.10686631944444444,
        "edge_count": 24622,
        "distribution_score": 0.7625859675299589,
        "sharpness_score": 1.0,
        "brightness_quality": 0.44351866319444444,
        "proximity_bias": 1.0,
        "proximity_multiplier": 1.15,
        "window_start": 463.6,
        "window_end": 472.6,
        "frames_evaluated": 271
      }
    },
    {
      "slide_number": 8,
      "filename": "video_7_slide_008.png",
      "capture_timestamp": 532.4,
      "transition_timestamp": 533.4,
      "audio_start_time": 473.6,
      "audio_end_time": 533.4,
      "transition_was_blank": false,
      "scoring": {
        "final_score": 0.21994263563340966,
        "quality_score": 0.19125446576818234,
        "content_score": 0.4285724739551257,
        "board_visibility_score": 0.8780381944444444,
        "edge_score_normalized": 0.11518229166666667,
        "edge_count": 26538,
        "distribution_score": 0.7783477944481102,
        "sharpness_score": 1.0,
        "brightness_quality": 0.44625933159722225,
        "proximity_bias": 1.0,
        "proximity_multiplier": 1.15,
        "window_start": 523.4,
        "window_end": 532.4,
        "frames_evaluated": 271
      }
    },
    {
      "slide_number": 9,
      "filename": "video_7_slide_009.png",
      "capture_timestamp": 604.53,
      "transition_timestamp": 605.6,
      "audio_start_time": 533.4,
      "audio_end_time": 605.6,
      "transition_was_blank": true,
      "scoring": {
        "final_score": 0.24543148315749833,
        "quality_score": 0.2136250820519813,
        "content_score": 0.44415389206312955,
        "board_visibility_score": 0.8582335069444444,
        "edge_score_normalized": 0.13143663194444444,
        "edge_count": 30283,
        "distribution_score": 0.776745111077072,
        "sharpness_score": 1.0,
        "brightness_quality": 0.48097086588541665,
        "proximity_bias": 0.9925925925925867,
        "proximity_multiplier": 1.148888888888888,
        "window_start": 595.6,
        "window_end": 604.6,